ID;M_BRON;BRON_ID;BSN;VOORNAAM;ACHTERNAAM;EMAIL;TEL
129;DirectLease;1;175627058;Jaxx;Beer;Jaxx_Beer@yahoo.com;611104622
138;DirectLease;10;546372429;Faas;Snel;Faas-Snel@yahoo.com;688072055
139;DirectLease;11;236246859;Julius;Dijk;Julius-Dijk@hotmail.com;627819342
140;DirectLease;12;809171685;Daniel;Graaff;Daniel.Graaff@gmail.com;673139150
141;DirectLease;13;122597898;Sam;Hiemstra;Sam.Hiemstra@gmail.com;647061201
142;DirectLease;14;331816234;Lot;Lee;;686808486
143;DirectLease;15;276006100;Felix;Huizinga;;666303059
144;DirectLease;16;748577324;Brent;Janssens;Brent-Janssens@gmail.com;66050346
145;DirectLease;17;992813141;Imran;Borst;Imran-Borst@gmail.com;645797631
146;DirectLease;18;712075598;Ezra;Lubbers;Ezra_Lubbers@yahoo.com;685544917
147;DirectLease;19;308157254;Florian;Veldhuizen;Florian_Veldhuizen@hotmail.com;625292204
130;DirectLease;2;545768585;Elijah;Pelt;Elijah-Pelt@yahoo.com;650851908
148;DirectLease;20;327995464;Oliver;Hagen;Oliver.Hagen@hotmail.com;665039490
149;DirectLease;21;259468277;Lukas;Burger;Lukas.Burger@gmail.com;647867770
150;DirectLease;22;715658293;Mika;Verkerk;Mika-Verkerk@gmail.com;644534062
151;DirectLease;23;363545165;Pip;Koops;Pip_Koops@yahoo.com;684281348
152;DirectLease;24;213036848;Jacob;Waard;Jacob-Waard@hotmail.com;624028635
153;DirectLease;25;519990171;Ravi;Westra;Ravi-Westra@hotmail.com;
154;DirectLease;26;972535962;Quinten;Elzinga;Quinten.Elzinga@gmail.com;635232070
155;DirectLease;27;949698982;Melle;Kessel;MelleKessel@yahoo.com;683017779
156;DirectLease;28;707600285;Yusuf;Boxtel;Yusuf.Boxtel@hotmail.com;622765066
157;DirectLease;29;316668400;Raf;Snijder;;662512351
131;DirectLease;3;821768098;Luc;Dijkman;Luc-Dijkman@msn.com;630346481
158;DirectLease;30;796174386;Jayson;Oosten;Jayson-Oosten@gmail.com;622596380
159;DirectLease;31;944422627;Timo;Verheij;Timo-Verheij@yahoo.com;681754209
160;DirectLease;32;352756366;Yfke;Pol;;621501496
161;DirectLease;33;626578073;Isabelle;Jaspers;Isabelle_Jaspers@hotmail.com;661248782
162;DirectLease;34;995913067;Aya;Erp;Aya.Erp@gmail.com;
163;DirectLease;35;112520935;Aaron;Vogel;Aaron.Vogel@yahoo.com;680490640
164;DirectLease;36;278976918;Cornelis;Laar;;620237927
165;DirectLease;37;382046341;Sep;Manders;Sep_Manders@yahoo.com;659985213
166;DirectLease;38;143276219;Fabian;Houben;Fabian-Houben@msn.com;639479785
167;DirectLease;39;774828237;Liva;Esch;Liva-Esch@gmail.com;679227071
132;DirectLease;4;299956258;Hamza;Schellekens;Hamza_Schellekens@gmail.com;670093766
168;DirectLease;40;765122601;Robin;Woude;Robin.Woude@yahoo.com;618974358
169;DirectLease;41;729416859;Jonathan;Weijers;Jonathan.Weijers@yahoo.com;658721644
170;DirectLease;42;386370503;Hendrik;Wetering;Hendrik.Wetering@gmail.com;698468929
171;DirectLease;43;774364919;Kiki;Kolk;;677963502
172;DirectLease;44;512097549;Marit;Harmsen;Marit-Harmsen@yahoo.com;617710789
173;DirectLease;45;886977599;Lily;Veerman;;657458074
174;DirectLease;46;742305661;Jelte;Nguyen;JelteNguyen@gmail.com;676699933
175;DirectLease;47;845803323;Jip;Kooij;Jip_Kooij@yahoo.com;616447220
176;DirectLease;48;285609889;Oscar;Schippers;Oscar.Schippers@yahoo.com;656194505
177;DirectLease;49;200180599;Jolie;Alphen;Jolie.Alphen@gmail.com;695941791
133;DirectLease;5;129065687;Aron;Hurk;Aron_Hurk@gmail.com;698410530
178;DirectLease;50;264354977;Joël;Kampen;Joël-Kampen@msn.com;635689078
179;DirectLease;51;165184553;Vajèn;Hees;Vajèn_Hees@gmail.com;675436363
180;DirectLease;52;655885444;Rosa;Meijers;Rosa-Meijers@gmail.com;654930936
181;DirectLease;53;275240538;Robin;Houten;;694678222
182;DirectLease;54;787348557;Sepp;Schoenmakers;Sepp.Schoenmakers@msn.com;634425509
183;DirectLease;55;668829795;Mirthe;Hoek;Mirthe.Hoek@gmail.com;674172794
184;DirectLease;56;809692016;Romy;Schijndel;Romy.Schijndel@yahoo.com;613920081
185;DirectLease;57;715351400;Loek;Beekman;Loek_Beekman@yahoo.com;653667367
186;DirectLease;58;109724239;Puck;Laat;Puck-Laat@gmail.com;693414653
187;DirectLease;59;166350114;Damian;Kroes;;633161939
134;DirectLease;6;814760272;Ali;Tol;;
188;DirectLease;60;990147332;Simon;Putten;Simon_Putten@gmail.com;672909225
189;DirectLease;61;653817538;Lise;Poel;Lise_Poel@yahoo.com;612656512
190;DirectLease;62;691251150;Muhammed;Coenen;Muhammed.Coenen@yahoo.com;652403798
191;DirectLease;63;298538921;Indy;Berendsen;Indy.Berendsen@gmail.com;692151083
192;DirectLease;64;317306224;Duuk;Hoogeveen;Duuk-Hoogeveen@msn.com;631898370
193;DirectLease;65;457215136;Elisa;Hendriksen;Elisa_Hendriksen@yahoo.com;611392943
194;DirectLease;66;871384425;Pieter;Hoeven;;690887514
195;DirectLease;67;917986611;Cato;Ouden;CatoOuden@msn.com;630634801
196;DirectLease;68;965302878;Boris;Ruiter;Boris.Ruiter@gmail.com;670382087
197;DirectLease;69;812091905;Johanna;Wijngaarden;Johanna.Wijngaarden@yahoo.com;610129374
135;DirectLease;7;331448816;Jake;Burgers;geheim@gaatjeniksaan.com;689335625
198;DirectLease;70;947553988;Lenn;Timmers;;649876659
199;DirectLease;71;109141647;Bente;Engels;Bente_Engels@yahoo.com;689623945
200;DirectLease;72;507907632;Kay;Oomen;Kay-Oomen@hotmail.com;669118518
201;DirectLease;73;805779760;Louise;Ven;Louise-Ven@gmail.com;648613090
202;DirectLease;74;393628450;Jim;Boot;Jim_Boot@yahoo.com;
203;DirectLease;75;708715394;Guusje;Raaijmakers;Guusje_Raaijmakers@hotmail.com;667854948
204;DirectLease;76;897698666;Jade;Blaauw;Jade.Blaauw@gmail.com;647349521
205;DirectLease;77;353322337;Rens;Hoogland;RensHoogland@yahoo.com;687096807
206;DirectLease;78;764340347;Jace;Duijn;Jace-Duijn@hotmail.com;626844094
207;DirectLease;79;945548941;Sterre;Schreuder;;666591379
136;DirectLease;8;559758698;Gerrit;Staal;Gerrit-Staal@hotmail.com;629082912
208;DirectLease;80;808577220;Kai;Wagenaar;Kai-Wagenaar@gmail.com;646085952
209;DirectLease;81;761336710;Kate;Drenth;Kate-Drenth@yahoo.com;685833237
210;DirectLease;82;363863874;Joshua;Jonkers;Joshua.Jonkers@hotmail.com;625580524
137;DirectLease;9;724505003;Amir;Rijswijk;;685774840
1;LeasePlan;1;482675603;Merel;Bergen;Merel_Bergen@yahoo.com;622596380
10;LeasePlan;10;185224027;Hailey;Nijland;Hailey-Nijland@yahoo.com;688072055
100;LeasePlan;100;897104511;Olivier;Lieshout;Olivier-Lieshout@gmail.com;671933976
101;LeasePlan;101;635068448;Feline;Pol;Feline-Pol@yahoo.com;611681263
102;LeasePlan;102;334553489;Cas;Essen;Cas_Essen@yahoo.com;651428549
103;LeasePlan;103;797490851;Benthe;Heemskerk;Benthe_Heemskerk@msn.com;691175835
104;LeasePlan;104;104261079;Guus;Wessels;Guus.Wessels@gmail.com;630923121
105;LeasePlan;105;114676793;Elise;Keijzer;Elise.Keijzer@yahoo.com;610417694
106;LeasePlan;106;339580835;Mason;Baas;Mason-Baas@yahoo.com;689912265
107;LeasePlan;107;689126499;Jill;Boonstra;Jill_Boonstra@yahoo.com;629659552
108;LeasePlan;108;948690641;Lauren;Franken;Lauren-Franken@gmail.com;669406838
109;LeasePlan;109;342050321;Jack;Derks;Jack-Derks@msn.com;
11;LeasePlan;11;986817351;Mick;Mulders;Mick-Mulders@hotmail.com;666303059
110;LeasePlan;110;189346395;Tijn;Brouwers;Tijn.Brouwers@gmail.com;688648696
111;LeasePlan;111;502954930;Julie;Kooijman;Julie.Kooijman@yahoo.com;628395983
112;LeasePlan;112;268193897;Floris;Kamphuis;Floris.Kamphuis@yahoo.com;668143269
113;LeasePlan;113;835898829;Amy;Hartog;Amy_Hartog@gmail.com;678905560
114;LeasePlan;114;475578193;Ryan;Driel;Ryan-Driel@msn.com;647637841
115;LeasePlan;115;755629437;Loïs;Tromp;Loïs-Tromp@gmail.com;687385127
116;LeasePlan;116;361682013;Dex;Kersten;xxx@xxx.com;666879700
117;LeasePlan;117;297557981;Naomi;Ruijter;Naomi_Ruijter@yahoo.com;646374272
118;LeasePlan;118;627030191;Mats;Simons;Mats.Simons@gmail.com;686121558
119;LeasePlan;119;583258499;Femke;Hartman;Femke.Hartman@msn.com;625868845
12;LeasePlan;12;495037849;Job;Fransen;Job.Fransen@gmail.com;
120;LeasePlan;120;778663711;David;Derksen;David-Derksen@gmail.com;645110703
121;LeasePlan;121;504618623;Emily;Terpstra;Emily_Terpstra@yahoo.com;684857989
122;LeasePlan;122;726867512;Luca;Visscher;Luca-Visscher@yahoo.com;624605276
123;LeasePlan;123;444898943;Anne;Sluis;AnneSluis@gmail.com;664352561
124;LeasePlan;124;123007471;Jens;Wiersma;Jens.Wiersma@msn.com;640998480
125;LeasePlan;125;873323415;Jasmijn;Hoogendoorn;Jasmijn.Hoogendoorn@gmail.com;643847134
126;LeasePlan;126;180444815;James;Buijs;James.Buijs@yahoo.com;683594419
127;LeasePlan;127;606051752;Nina;Arends;Nina_Arends@yahoo.com;623341706
128;LeasePlan;128;992532395;Tygo;Rooijen;Tygo-Rooijen@gmail.com;663088992
13;LeasePlan;13;264851122;Fiene;Versluis;Fiene.Versluis@gmail.com;692151083
14;LeasePlan;14;213883429;Stef;Nijhuis;Stef.Nijhuis@yahoo.com;652403798
15;LeasePlan;15;838124057;Suus;Laar;Suus_Laar@hotmail.com;612656512
16;LeasePlan;16;914120311;Jax;Smulders;Jax-Smulders@gmail.com;672909225
17;LeasePlan;17;655885444;Rosa;Meijers;Rosa-Meijers@gmail.com;633161939
18;LeasePlan;18;638378710;Xavi;Zanten;Xavi_Zanten@yahoo.com;693414653
19;LeasePlan;19;825594212;Lize;Mourik;Lize_Mourik@hotmail.com;653667367
2;LeasePlan;2;983745286;Ivy;Schreurs;Ivy-Schreurs@yahoo.com;662512351
20;LeasePlan;20;255164233;Laura;Geerts;Laura.Geerts@hotmail.com;611392943
21;LeasePlan;21;964172495;Joey;Hoek;Joey.Hoek@gmail.com;610129374
22;LeasePlan;22;636767875;Owen;Brinkman;Owen-Brinkman@gmail.com;618974358
23;LeasePlan;23;963241369;Elena;Kok;Elena_Kok@yahoo.com;639479785
24;LeasePlan;24;990203487;Lana;Ginkel;Lana-Ginkel@hotmail.com;677963502
25;LeasePlan;25;355586472;Nick;Zonneveld;Nick-Zonneveld@hotmail.com;616447220
26;LeasePlan;26;715374643;Koen;Klaver;Koen.Klaver@gmail.com;654930936
27;LeasePlan;27;509251882;Amira;Bruins;AmiraBruins@yahoo.com;675436363
28;LeasePlan;28;728554768;Mia;Berends;Mia.Berends@hotmail.com;674172794
29;LeasePlan;29;561871462;Casper;Linde;Casper_Linde@hotmail.com;624316955
3;LeasePlan;3;254141407;Kyan;Meij;Kyan-Meij@msn.com;622765066
30;LeasePlan;30;791638479;Aiden;Waal;Aiden-Waal@gmail.com;684569668
31;LeasePlan;31;609202674;Lola;Keulen;Lola-Keulen@yahoo.com;644822383
32;LeasePlan;32;708756505;Stan;Klomp;Stan_Klomp@hotmail.com;6507509777
33;LeasePlan;33;208429670;Linde;Franssen;Linde_Franssen@hotmail.com;665327810
34;LeasePlan;34;293165075;Alexander;Drost;Alexander.Drost@gmail.com;
35;LeasePlan;35;100953761;Fem;Beckers;Fem.Beckers@yahoo.com;662800672
36;LeasePlan;36;113945097;Morris;Verschoor;Morris-Verschoor@hotmail.com;683306099
37;LeasePlan;37;347728467;Jaylinn;Dam;Jaylinn_Dam@yahoo.com;648613090
38;LeasePlan;38;383956894;Nikki;Yilmaz;Nikki-Yilmaz@msn.com;626844094
39;LeasePlan;39;272823740;Jasper;Kamp;Jasper-Kamp@gmail.com;687096807
4;LeasePlan;4;808577220;Kai;Wagenaar;Kai-Wagenaar@gmail.com;621501496
40;LeasePlan;40;936271954;Johannes;Nieuwenhuis;Johannes.Nieuwenhuis@yahoo.com;682042530
41;LeasePlan;41;139721289;Veerle;Leenders;Veerle.Leenders@yahoo.com;641031675
42;LeasePlan;42;755597916;Iris;Bouwmeester;Iris.Bouwmeester@gmail.com;
43;LeasePlan;43;227046134;Bas;Boom;Bas_Boom@gmail.com;679515391
44;LeasePlan;44;609762357;Rayan;Jongh;Rayan-Jongh@yahoo.com;678251822
45;LeasePlan;45;379638459;Fien;Winter;Fien-Winter@yahoo.com;656482826
46;LeasePlan;46;958900486;Hidde;Molen;Hidde_Molen@gmail.com;635977398
47;LeasePlan;47;447857393;Rosalie;Burg;Rosalie_Burg@yahoo.com;615471971
48;LeasePlan;48;139107009;Luna;Willemse;LunaWillemse@yahoo.com;655219256
49;LeasePlan;49;888711487;Dylan;Schutte;Dylan.Schutte@gmail.com;694966542
5;LeasePlan;5;995603704;Senna;Scheffer;Senna_Scheffer@gmail.com;6996069
50;LeasePlan;50;809692016;Romy;Schijndel;Romy-Schijndel@yahoo.com;613920081
51;LeasePlan;51;368176757;Isabel;Lemmens;Isabel_Lemmens@gmail.com;653955687
52;LeasePlan;52;320005380;Niek;Wilde;Niek-Wilde@yahoo.com;693702973
53;LeasePlan;53;456288120;Fay;Bruinsma;Fay-Bruinsma@gmail.com;612944832
54;LeasePlan;54;428524229;Suze;Heijnen;Suze.Heijnen@msn.com;652692118
55;LeasePlan;55;815119525;Dani;Wijnen;Dani.Wijnen@gmail.com;632186691
56;LeasePlan;56;868100754;Samuel;Boers;Samuel.Boers@yahoo.com;
57;LeasePlan;57;837161101;Isabella;Veer;Isabella_Veer@yahoo.com;628395983
58;LeasePlan;58;267083671;Mohammed;Zee;Mohammed-Zee@gmail.com;687385127
59;LeasePlan;59;676361377;Bo;Lamers;Bo-Lamers@msn.com;666879700
6;LeasePlan;6;915657910;Niels;Groenendijk;NielsGroenendijk@gmail.com;698410530
60;LeasePlan;60;797626797;Nathan;Brand;Nathan_Brand@gmail.com;684857989
61;LeasePlan;61;585172298;Evy;Kool;Evy_Kool@yahoo.com;664352561
62;LeasePlan;62;556357358;Thijmen;Swinkels;Thijmen.Swinkels@yahoo.com;
63;LeasePlan;63;458209156;Tessa;Bongers;Tessa.Bongers@gmail.com;643847134
64;LeasePlan;64;148405149;Mohamed;Brink;Mohamed-Brink@msn.com;623341706
65;LeasePlan;65;337491665;Floor;Gelder;Floor_Gelder@yahoo.com;663088992
66;LeasePlan;66;169159231;Tobias;Albers;Tobias-Albers@gmail.com;621789817
67;LeasePlan;67;335106614;Lara;Visser;Lara-Visser@msn.com;634425509
68;LeasePlan;68;500649297;Sophia;Verheijen;Sophia.Verheijen@gmail.com;675724684
69;LeasePlan;69;516834022;Joris;Steenbergen;JorisSteenbergen@yahoo.com;660503460
7;LeasePlan;7;623236667;Livia;Bergh;Livia.Bergh@yahoo.com;647061201
70;LeasePlan;70;238774922;Jason;Keizer;Jason.Keizer@gmail.com;685544917
71;LeasePlan;71;819677280;Amber;Pol;Amber_Pol@yahoo.com;647349521
72;LeasePlan;72;693168845;Lizzy;Kooistra;Lizzy-Kooistra@hotmail.com;688648696
73;LeasePlan;73;433236863;Fedde;Pieters;Fedde-Pieters@gmail.com;620237927
74;LeasePlan;74;989581135;Vera;Feenstra;Vera_Feenstra@yahoo.com;670382087
75;LeasePlan;75;308061263;Ties;Stolk;Ties_Stolk@hotmail.com;676699933
76;LeasePlan;76;747751973;Quinn;Vis;Quinn.Vis@gmail.com;659009964
77;LeasePlan;77;342791916;Maria;Egmond;Maria.Egmond@yahoo.com;681754209
78;LeasePlan;78;614235716;Lina;Schut;Lina-Schut@hotmail.com;685774840
79;LeasePlan;79;914230426;Pepijn;Ridder;Pepijn_Ridder@hotmail.com;683017779
8;LeasePlan;8;606140700;Abel;Theunissen;Abel-Theunissen@hotmail.com;673139150
80;LeasePlan;80;325362294;Elif;Hoof;Elif-Hoof@gmail.com;
81;LeasePlan;81;255852162;Daley;Swart;Daley-Swart@yahoo.com;631898370
82;LeasePlan;82;792088992;Sofia;Bijl;Sofia.Bijl@hotmail.com;639768106
83;LeasePlan;83;483126457;Dean;Veldhuis;Dean.Veldhuis@hotmail.com;643558813
84;LeasePlan;84;996258346;Ella;Berkel;Ella.Berkel@gmail.com;673197545
85;LeasePlan;85;701957359;Daniël;Veldman;Daniël_Veldman@gmail.com;625292204
86;LeasePlan;86;573841081;Senn;Hoek;Senn-Hoek@yahoo.com;624028635
87;LeasePlan;87;819449337;Eline;Brands;Eline-Brands@hotmail.com;668143269
88;LeasePlan;88;985465876;Roan;Vugt;Roan_Vugt@gmail.com;651428549
89;LeasePlan;89;309866017;Charlotte;Velzen;Charlotte_Velzen@gmail.com;665039490
9;LeasePlan;9;543910489;Anouk;Moonen;Anouk_Moonen@gmail.com;627819342
90;LeasePlan;90;330323155;Pim;Konings;Pim.Konings@yahoo.com;689623945
91;LeasePlan;91;431465125;Fenne;Kempen;Fenne.Kempen@hotmail.com;663775920
92;LeasePlan;92;943719501;Jurre;Schepers;Jurre-Schepers@gmail.com;671933976
93;LeasePlan;93;145070487;Lena;Nijenhuis;Lena_Nijenhuis@gmail.com;694678222
94;LeasePlan;94;193365819;Hannah;Rietveld;Hannah-Rietveld@yahoo.com;657746395
95;LeasePlan;95;309731859;Joep;Koopmans;Joep-Koopmans@hotmail.com;683594419
96;LeasePlan;96;209480282;Boaz;Goossens;BoazGoossens@gmail.com;674461115
97;LeasePlan;97;516803165;Liz;Vissers;Liz.Vissers@gmail.com;
98;LeasePlan;98;375963480;Tom;Rossum;Tom.Rossum@gmail.com;689335625
99;LeasePlan;99;852302940;Norah;Reinders;Norah_Reinders@msn.com;632186691
